Plot_Topic #1,Plot_Topic #2,Plot_Topic #3,Plot_Topic #4,Plot_Topic #5,Plot_Topic #6,Plot_Topic #7,Plot_Topic #8,Plot_Topic #9,Plot_Topic #10,Plot_Topic #11,Plot_Topic #12,Plot_Topic #13,Plot_Topic #14
apartment,creative,spy,medium,soul,boyfriend,bill,length,speer,perry,open,gay,stutter,gang
farmer,traylor,exploration,quiet,nation,chip,luc,rein,pandemic,painting,yingye,voter,bolshevik,major
tape,offer,bond,list,album,wedding,popular,unprecedented,mad,military,strike,clarence,manage,agne
beauty,raise,wake,mind,singer,weed,internet,deep,unfinished,test,disease,assassin,business,faustin
half,cousin,control,sometimes,shimu,personality,violent,bee,wrong,special,navigate,sage,rugoff,xavier
red,worldwide,suddenly,cop,talent,road,teen,whale,describe,mark,holiday,nominate,marconi,focus
teenager,class,soviet,boss,german,stalin,seahorse,manuscript,indigenous,moment,succeed,immigrant,cheka,xavi
modern,iconic,law,investigate,violence,camp,domestic,germund,novel,korean,arrival,candidate,inner,remain
reality,inequality,winner,round,factory,curse,memory,research,security,hide,bloom,examine,busy,ago
pair,fashion,rescue,middle,letter,rule,avoid,scientist,surround,leonardo,yingying,support,uncover,peace
