Topic #1,Topic #2,Topic #3,Topic #4,Topic #5,Topic #6,Topic #7,Topic #8,Topic #9,Topic #10,Topic #11,Topic #12,Topic #13,Topic #14
green,crew,hunter,mark,government,disney,wake,luce,lionel,modern,simone,sean,salvador,shark
emerge,grace,college,ray,exist,franchise,network,tesla,shult,joy,franz,ernesto,almodovar,wallace
settle,potential,creature,middle,chase,surprise,king,nassar,tyler,loss,garrone,brittany,glory,godzilla
emotion,swift,finally,probably,landscape,partly,mcbride,helen,ophelia,particular,specie,revue,diane,spark
german,cultural,dragon,perspective,owner,obvious,fern,doctor,hare,zombie,ride,thunder,gang,sweet
campaign,comic,depict,feeling,bill,exactly,obscure,slim,killing,recall,prince,orna,beanpole,reach
beat,dolemite,penguin,professional,pleasure,hollywood,split,abuse,tower,fantasy,brown,dress,eastwood,dancer
national,russian,grim,camp,lesson,pass,purpose,table,ridley,surround,drop,bannon,kitchen,respect
unfold,troll,sim,third,soft,toy,embrace,athlete,desperation,eve,cam,remember,bundy,byrne
animation,fail,storm,warn,production,shape,conflict,incoming,eiffel,real_life,wild,leroy,lawyer,wedding
